variable,count,mean,std,min,25%,50%,75%,max,original
dummy1,1000.0,-0.0005404977705026252,0.010326013482094127,-0.032888066908967,-0.00748293866981515,-0.0006870915625824499,0.00628579972247405,0.0349287486017715,-0.0096302525149951
dummy2,1000.0,-0.00032236970608848155,0.010287377424633285,-0.0312259746375218,-0.007338258350255625,-0.00080693615857535,0.0070791834139234,0.0292841015488534,-0.0033062200600149
x1,1000.0,0.17068347914965393,2.9671532537980587,-7.986793943474887,-1.7374471986929074,0.0736220998772113,2.021105209401178,28.20380918965583,28.20380918965583
x2,1000.0,0.001832329646492866,7.8455920883105765,-26.441802060847262,-5.184619580995502,0.0522479182969295,4.84561600755884,75.05198350170987,75.05198350170987
x3,1000.0,0.06743187831172293,1.9625080119385876,-5.605071875514678,-1.1676776691093347,0.015097295019126301,1.3744610727365951,17.755469269434137,17.755469269434137
